{"score":22,"gen":{"data":[2,1,2,1],"n_array":[{"weight":[-0.5852853541408825,0.6397436094583464],"trigger":0.321554750408676,"sensibility":1},{"weight":[0.6033371997647146,-0.27242529971673013],"trigger":0.9606484531347961,"sensibility":1}],"n_outputs":[{"weight":[-0.3438470907368076,0.663020007756169],"trigger":0.6422358054584245,"sensibility":1}]}}