{"weight":[1.917553282419433,-7.795362001186788],"bias":4.426250111190803,"trigger":-0.46558620854838506,"score":12}